Workbook

Sheet 0_体系と規則
A1: CB観察実験 体系化パッケージ（児童教育・圃場実証・プロモ配布）
A2: 作成：ゆき（秘書課）2026-10-10／根拠：児童向ガイドライン(10/9)・圃場記録票(CB_Field_Sheet)・比較実験観察シート・CB圃場写真フォルダ
A4: 【1】3つの層で整理する
A5: 層 | B5: 内容 | C5: 対応する既存資料
A6: ①対象別（誰が使うか） | B6: 児童教育（学年別）／圃場実証（スマホ入力）／プロモ配布（農家向けフル版） | C6: 児童向ガイドライン／CB_Field_Sheet／CB比較実験観察シートプロモ用
A7: ②記録様式（何に書くか） | B7: 児童用 学年別観察シート → 圃場記録票(1調査日) → 比較実験観察シート(通算＋品質・収量) | C7: Word『体系ガイド＋学年別シート』／本ブック 3,4,5／既存xlsx
A8: ③写真（どう残すか） | B8: 共通の命名規則＋写真台帳。記録票の『画像№』と台帳でひも付け | C8: CB圃場写真フォルダ／本ブック 2
A10: 【2】全層に共通する5原則（ガイド§8・記録票チェック欄を統合）
A11: 原則 | B11: 具体策 | C11: 出典
A12: 1 公平に比べる | B12: 変える条件はCBの有無だけ。種類・苗/種・土・鉢の大きさ・水やり・日当たり・置き場所・温度はそろえる | C12: ガイド§8
A13: 2 同じ株・同じ人・同じ時 | B13: 目印をつけた同じ株を測る／評価は毎回同じ人／同じ時間帯／同じ位置・同じ角度で撮影／CB有→通常の順 | C13: 記録票チェック欄
A14: 3 条件を記録する | B14: 天気・作業・水やり・置き場所を備考に書く | C14: 記録票・ガイド§8
A15: 4 事実と考えを分ける | B15: 『見たこと』『考えたこと』『まだ確かめられていないこと』を分けて書く | C15: ガイド（全学年）
A16: 5 断定しない | B16: 『CBのおかげ』と決めつけない。反復・第三者確認の必要性を示す。特許登録＝効果の実証ではない | C16: ガイド§3・§9
A18: 【3】写真の命名・保存規則（※既存アプリの自動命名に合わせる）
A19: 項目 | B19: 規則 | C19: 例
A20: 保存先 | B20: CB圃場写真 / <圃場名> / | C20: CB圃場写真/未設定/
A21: ファイル名 | B21: <圃場名>_<YYYY-MM-DD>_第<N>回_<CB有|CBなし>_<連番2桁>.jpg | C21: 未設定_2026-10-05_第1回_CB有_01.jpg
A22: 圃場名 | B22: 試験台帳の『圃場名(ファイル名用)』を使う。『未設定』のままにしない（台帳で先に登録） | C22: F26-001_河内畑
A23: 撮影順 | B23: CB有 → 通常(CBなし) の順。同じ位置・角度・時間帯 | C23: 記録票チェック欄
A24: 記録票との連携 | B24: 記録票の『画像№①②』＝写真台帳の連番。台帳に1行ずつ登録 | C24: 本ブック 2_写真台帳
A26: 【4】【提案】試験番号・児童教育の取り扱い（ご承認後に運用）
A27: 試験番号(提案) | B27: 区分コード＋西暦下2桁＋連番：F26-001（圃場実証）／E26-001（児童教育）／P26-001（プロモ配布） | C27: 新規ルール案。既存の規則ではありません
A28: 児童教育の個人情報(提案) | B28: 児童の顔・名前が写る写真は撮らない・台帳に載せない。学校名・児童名は台帳に書かず、学級は『E26-001』等のコードのみ（対応表は社内別管理） | C28: 児童保護の観点での提案
A29: 安全(ガイド§8) | B29: 小さな金属部品を口に入れない。CBスティックの設置・回収は教員等の大人が管理する | C29: ガイド§8
A31: 【5】運用メモ
A32: スマホ入力アプリ | B32: LINE等のアプリ内ブラウザではカメラがブロックされる。Safari/Chromeで開き直すか、アルバムから選ぶ（10/5の画面表示より） | C32: 写真02の画面
A33: テスト投稿 | B33: 10/5の2枚は圃場の記録ではない（石目調の表面／アプリ画面）。台帳に『テスト』で登録し、実証の証跡には使わない | C33: 本ブック 2

Sheet 1_試験台帳
A1: 試験番号 | B1: 区分 | C1: 圃場名(ファイル名用) | D1: 場所/学級コード | E1: 作物 | F1: 品種 | G1: 開始日 | H1: CB有 数量 | I1: 通常 数量 | J1: 担当 | K1: 使用様式 | L1: 状態 | M1: 備考
A2: （未割当） | B2: 圃場実証 | C2: 未設定 | D2: （不明） | E2: — | F2: — | G2: 46300 | K2: 圃場記録票 | L2: テスト | M2: 10/5 スマホ入力のテスト投稿。実証試験としては未登録

Sheet 2_写真台帳
A1: 試験番号 | B1: 圃場名 | C1: 撮影日 | D1: 回(N) | E1: 区分 | F1: 連番 | G1: 命名案(自動) | H1: 実ファイル名 | I1: 名前一致 | J1: 記録票 画像№ | K1: 種別 | L1: DriveファイルID | M1: 備考
A2: （未割当） | B2: 未設定 | C2: 46300 | D2: 1 | E2: CB有 | F2: 1 | G2: =IF(OR(B2="",C2="",D2="",E2="",F2=""),"",B2&"_"&TEXT(C2,"yyyy-mm-dd")&"_第"&D2&"回_"&E2&"_"&TEXT(F2,"00")&".jpg") | H2: 未設定_2026-10-05_第1回_CB有_01.jpg | I2: =IF(OR(G2="",H2=""),"",IF(G2=H2,"○","要確認")) | K2: テスト | L2: 11aCT2qjDgfeMrOnioaNNfd6-fgq8VIYo | M2: 石目調の表面の写真。土・植物ではない。証跡から除外
A3: （未割当） | B3: 未設定 | C3: 46300 | D3: 1 | E3: CB有 | F3: 2 | G3: =IF(OR(B3="",C3="",D3="",E3="",F3=""),"",B3&"_"&TEXT(C3,"yyyy-mm-dd")&"_第"&D3&"回_"&E3&"_"&TEXT(F3,"00")&".jpg") | H3: 未設定_2026-10-05_第1回_CB有_02.jpg | I3: =IF(OR(G3="",H3=""),"",IF(G3=H3,"○","要確認")) | K3: テスト | L3: 1c60rshLWErW31dy7d0CxB5h9zJwgBG8D | M3: 『CB圃場記録(スマホ入力)』アプリ画面のスクショ（カメラ使用ブロック表示）。証跡から除外
G4: =IF(OR(B4="",C4="",D4="",E4="",F4=""),"",B4&"_"&TEXT(C4,"yyyy-mm-dd")&"_第"&D4&"回_"&E4&"_"&TEXT(F4,"00")&".jpg") | I4: =IF(OR(G4="",H4=""),"",IF(G4=H4,"○","要確認"))
G5: =IF(OR(B5="",C5="",D5="",E5="",F5=""),"",B5&"_"&TEXT(C5,"yyyy-mm-dd")&"_第"&D5&"回_"&E5&"_"&TEXT(F5,"00")&".jpg") | I5: =IF(OR(G5="",H5=""),"",IF(G5=H5,"○","要確認"))
G6: =IF(OR(B6="",C6="",D6="",E6="",F6=""),"",B6&"_"&TEXT(C6,"yyyy-mm-dd")&"_第"&D6&"回_"&E6&"_"&TEXT(F6,"00")&".jpg") | I6: =IF(OR(G6="",H6=""),"",IF(G6=H6,"○","要確認"))
G7: =IF(OR(B7="",C7="",D7="",E7="",F7=""),"",B7&"_"&TEXT(C7,"yyyy-mm-dd")&"_第"&D7&"回_"&E7&"_"&TEXT(F7,"00")&".jpg") | I7: =IF(OR(G7="",H7=""),"",IF(G7=H7,"○","要確認"))
G8: =IF(OR(B8="",C8="",D8="",E8="",F8=""),"",B8&"_"&TEXT(C8,"yyyy-mm-dd")&"_第"&D8&"回_"&E8&"_"&TEXT(F8,"00")&".jpg") | I8: =IF(OR(G8="",H8=""),"",IF(G8=H8,"○","要確認"))
G9: =IF(OR(B9="",C9="",D9="",E9="",F9=""),"",B9&"_"&TEXT(C9,"yyyy-mm-dd")&"_第"&D9&"回_"&E9&"_"&TEXT(F9,"00")&".jpg") | I9: =IF(OR(G9="",H9=""),"",IF(G9=H9,"○","要確認"))
G10: =IF(OR(B10="",C10="",D10="",E10="",F10=""),"",B10&"_"&TEXT(C10,"yyyy-mm-dd")&"_第"&D10&"回_"&E10&"_"&TEXT(F10,"00")&".jpg") | I10: =IF(OR(G10="",H10=""),"",IF(G10=H10,"○","要確認"))
G11: =IF(OR(B11="",C11="",D11="",E11="",F11=""),"",B11&"_"&TEXT(C11,"yyyy-mm-dd")&"_第"&D11&"回_"&E11&"_"&TEXT(F11,"00")&".jpg") | I11: =IF(OR(G11="",H11=""),"",IF(G11=H11,"○","要確認"))
G12: =IF(OR(B12="",C12="",D12="",E12="",F12=""),"",B12&"_"&TEXT(C12,"yyyy-mm-dd")&"_第"&D12&"回_"&E12&"_"&TEXT(F12,"00")&".jpg") | I12: =IF(OR(G12="",H12=""),"",IF(G12=H12,"○","要確認"))
G13: =IF(OR(B13="",C13="",D13="",E13="",F13=""),"",B13&"_"&TEXT(C13,"yyyy-mm-dd")&"_第"&D13&"回_"&E13&"_"&TEXT(F13,"00")&".jpg") | I13: =IF(OR(G13="",H13=""),"",IF(G13=H13,"○","要確認"))
G14: =IF(OR(B14="",C14="",D14="",E14="",F14=""),"",B14&"_"&TEXT(C14,"yyyy-mm-dd")&"_第"&D14&"回_"&E14&"_"&TEXT(F14,"00")&".jpg") | I14: =IF(OR(G14="",H14=""),"",IF(G14=H14,"○","要確認"))
G15: =IF(OR(B15="",C15="",D15="",E15="",F15=""),"",B15&"_"&TEXT(C15,"yyyy-mm-dd")&"_第"&D15&"回_"&E15&"_"&TEXT(F15,"00")&".jpg") | I15: =IF(OR(G15="",H15=""),"",IF(G15=H15,"○","要確認"))
... G302: =IF(OR(B302="",C302="",D302="",E302="",F302=""),"",B302&"_"&TEXT(C302,"yyyy-mm-dd")&"_第"&D302&"回_"&E302&"_"&TEXT(F302,"00")&".jpg") | I302: =IF(OR(G302="",H302=""),"",IF(G302=H302,"○","要確認"))

Sheet 3_生育入力(A)
A1: 試験番号 | B1: 調査日 | C1: 回(N) | D1: 定植後日数 | E1: 区分 | F1: 株No(1-5) | G1: 草丈(cm) | H1: 葉数(枚) | I1: 茎数(本) | J1: 入力メモ | L1: 使い方：同じ5株を毎回測り、1株1行で入力。CB有と通常を分けて入力します。

Sheet 4_評価入力(B)
A1: 試験番号 | B1: 調査日 | C1: 回(N) | D1: 区分 | E1: 葉色 | F1: 病害虫※ | G1: 茎葉の張り | H1: 株全体 | I1: 根張り | J1: 総合評価 | K1: 画像№① | L1: 画像№② | M1: 備考(天候・作業・気づき) | O1: 評価 5=非常に良い 4=良い 3=普通 2=やや悪い 1=悪い／※病害虫は 5=全く見られない … 1=甚大

Sheet 5_集計
A1: 試験番号 | B1: 回(N) | C1: 草丈 CB有 | D1: 草丈 通常 | E1: 差(有-通常) | F1: 葉数 CB有 | G1: 葉数 通常 | H1: 差 | I1: 茎数 CB有 | J1: 茎数 通常 | K1: 差 | L1: 総合 CB有 | M1: 総合 通常 | N1: 差 | P1: ※ 平均は『事務所で』算出（記録票の運用に合わせる）。差は観察された事実で、CBが原因とは断定しない（反復・条件確認が必要）。
C2: =IFERROR(AVERAGEIFS('3_生育入力(A)'!$G$2:$G$1001,'3_生育入力(A)'!$A$2:$A$1001,$A2,'3_生育入力(A)'!$C$2:$C$1001,$B2,'3_生育入力(A)'!$E$2:$E$1001,"CB有"),"") | D2: =IFERROR(AVERAGEIFS('3_生育入力(A)'!$G$2:$G$1001,'3_生育入力(A)'!$A$2:$A$1001,$A2,'3_生育入力(A)'!$C$2:$C$1001,$B2,'3_生育入力(A)'!$E$2:$E$1001,"CBなし"),"") | E2: =IF(OR(C2="",D2=""),"",ROUND(C2-D2,1)) | F2: =IFERROR(AVERAGEIFS('3_生育入力(A)'!$H$2:$H$1001,'3_生育入力(A)'!$A$2:$A$1001,$A2,'3_生育入力(A)'!$C$2:$C$1001,$B2,'3_生育入力(A)'!$E$2:$E$1001,"CB有"),"") | G2: =IFERROR(AVERAGEIFS('3_生育入力(A)'!$H$2:$H$1001,'3_生育入力(A)'!$A$2:$A$1001,$A2,'3_生育入力(A)'!$C$2:$C$1001,$B2,'3_生育入力(A)'!$E$2:$E$1001,"CBなし"),"") | H2: =IF(OR(F2="",G2=""),"",ROUND(F2-G2,1)) | I2: =IFERROR(AVERAGEIFS('3_生育入力(A)'!$I$2:$I$1001,'3_生育入力(A)'!$A$2:$A$1001,$A2,'3_生育入力(A)'!$C$2:$C$1001,$B2,'3_生育入力(A)'!$E$2:$E$1001,"CB有"),"") | J2: =IFERROR(AVERAGEIFS('3_生育入力(A)'!$I$2:$I$1001,'3_生育入力(A)'!$A$2:$A$1001,$A2,'3_生育入力(A)'!$C$2:$C$1001,$B2,'3_生育入力(A)'!$E$2:$E$1001,"CBなし"),"") | K2: =IF(OR(I2="",J2=""),"",ROUND(I2-J2,1)) | L2: =IFERROR(AVERAGEIFS('4_評価入力(B)'!$J$2:$J$401,'4_評価入力(B)'!$A$2:$A$401,$A2,'4_評価入力(B)'!$C$2:$C$401,$B2,'4_評価入力(B)'!$D$2:$D$401,"CB有"),"") | M2: =IFERROR(AVERAGEIFS('4_評価入力(B)'!$J$2:$J$401,'4_評価入力(B)'!$A$2:$A$401,$A2,'4_評価入力(B)'!$C$2:$C$401,$B2,'4_評価入力(B)'!$D$2:$D$401,"CBなし"),"") | N2: =IF(OR(L2="",M2=""),"",ROUND(L2-M2,1)) | P2: 使い方：A列に試験番号、B列に回を入力すると、3・4シートの入力から自動集計します。
C3: =IFERROR(AVERAGEIFS('3_生育入力(A)'!$G$2:$G$1001,'3_生育入力(A)'!$A$2:$A$1001,$A3,'3_生育入力(A)'!$C$2:$C$1001,$B3,'3_生育入力(A)'!$E$2:$E$1001,"CB有"),"") | D3: =IFERROR(AVERAGEIFS('3_生育入力(A)'!$G$2:$G$1001,'3_生育入力(A)'!$A$2:$A$1001,$A3,'3_生育入力(A)'!$C$2:$C$1001,$B3,'3_生育入力(A)'!$E$2:$E$1001,"CBなし"),"") | E3: =IF(OR(C3="",D3=""),"",ROUND(C3-D3,1)) | F3: =IFERROR(AVERAGEIFS('3_生育入力(A)'!$H$2:$H$1001,'3_生育入力(A)'!$A$2:$A$1001,$A3,'3_生育入力(A)'!$C$2:$C$1001,$B3,'3_生育入力(A)'!$E$2:$E$1001,"CB有"),"") | G3: =IFERROR(AVERAGEIFS('3_生育入力(A)'!$H$2:$H$1001,'3_生育入力(A)'!$A$2:$A$1001,$A3,'3_生育入力(A)'!$C$2:$C$1001,$B3,'3_生育入力(A)'!$E$2:$E$1001,"CBなし"),"") | H3: =IF(OR(F3="",G3=""),"",ROUND(F3-G3,1)) | I3: =IFERROR(AVERAGEIFS('3_生育入力(A)'!$I$2:$I$1001,'3_生育入力(A)'!$A$2:$A$1001,$A3,'3_生育入力(A)'!$C$2:$C$1001,$B3,'3_生育入力(A)'!$E$2:$E$1001,"CB有"),"") | J3: =IFERROR(AVERAGEIFS('3_生育入力(A)'!$I$2:$I$1001,'3_生育入力(A)'!$A$2:$A$1001,$A3,'3_生育入力(A)'!$C$2:$C$1001,$B3,'3_生育入力(A)'!$E$2:$E$1001,"CBなし"),"") | K3: =IF(OR(I3="",J3=""),"",ROUND(I3-J3,1)) | L3: =IFERROR(AVERAGEIFS('4_評価入力(B)'!$J$2:$J$401,'4_評価入力(B)'!$A$2:$A$401,$A3,'4_評価入力(B)'!$C$2:$C$401,$B3,'4_評価入力(B)'!$D$2:$D$401,"CB有"),"") | M3: =IFERROR(AVERAGEIFS('4_評価入力(B)'!$J$2:$J$401,'4_評価入力(B)'!$A$2:$A$401,$A3,'4_評価入力(B)'!$C$2:$C$401,$B3,'4_評価入力(B)'!$D$2:$D$401,"CBなし"),"") | N3: =IF(OR(L3="",M3=""),"",ROUND(L3-M3,1))
C4: =IFERROR(AVERAGEIFS('3_生育入力(A)'!$G$2:$G$1001,'3_生育入力(A)'!$A$2:$A$1001,$A4,'3_生育入力(A)'!$C$2:$C$1001,$B4,'3_生育入力(A)'!$E$2:$E$1001,"CB有"),"") | D4: =IFERROR(AVERAGEIFS('3_生育入力(A)'!$G$2:$G$1001,'3_生育入力(A)'!$A$2:$A$1001,$A4,'3_生育入力(A)'!$C$2:$C$1001,$B4,'3_生育入力(A)'!$E$2:$E$1001,"CBなし"),"") | E4: =IF(OR(C4="",D4=""),"",ROUND(C4-D4,1)) | F4: =IFERROR(AVERAGEIFS('3_生育入力(A)'!$H$2:$H$1001,'3_生育入力(A)'!$A$2:$A$1001,$A4,'3_生育入力(A)'!$C$2:$C$1001,$B4,'3_生育入力(A)'!$E$2:$E$1001,"CB有"),"") | G4: =IFERROR(AVERAGEIFS('3_生育入力(A)'!$H$2:$H$1001,'3_生育入力(A)'!$A$2:$A$1001,$A4,'3_生育入力(A)'!$C$2:$C$1001,$B4,'3_生育入力(A)'!$E$2:$E$1001,"CBなし"),"") | H4: =IF(OR(F4="",G4=""),"",ROUND(F4-G4,1)) | I4: =IFERROR(AVERAGEIFS('3_生育入力(A)'!$I$2:$I$1001,'3_生育入力(A)'!$A$2:$A$1001,$A4,'3_生育入力(A)'!$C$2:$C$1001,$B4,'3_生育入力(A)'!$E$2:$E$1001,"CB有"),"") | J4: =IFERROR(AVERAGEIFS('3_生育入力(A)'!$I$2:$I$1001,'3_生育入力(A)'!$A$2:$A$1001,$A4,'3_生育入力(A)'!$C$2:$C$1001,$B4,'3_生育入力(A)'!$E$2:$E$1001,"CBなし"),"") | K4: =IF(OR(I4="",J4=""),"",ROUND(I4-J4,1)) | L4: =IFERROR(AVERAGEIFS('4_評価入力(B)'!$J$2:$J$401,'4_評価入力(B)'!$A$2:$A$401,$A4,'4_評価入力(B)'!$C$2:$C$401,$B4,'4_評価入力(B)'!$D$2:$D$401,"CB有"),"") | M4: =IFERROR(AVERAGEIFS('4_評価入力(B)'!$J$2:$J$401,'4_評価入力(B)'!$A$2:$A$401,$A4,'4_評価入力(B)'!$C$2:$C$401,$B4,'4_評価入力(B)'!$D$2:$D$401,"CBなし"),"") | N4: =IF(OR(L4="",M4=""),"",ROUND(L4-M4,1))
C5: =IFERROR(AVERAGEIFS('3_生育入力(A)'!$G$2:$G$1001,'3_生育入力(A)'!$A$2:$A$1001,$A5,'3_生育入力(A)'!$C$2:$C$1001,$B5,'3_生育入力(A)'!$E$2:$E$1001,"CB有"),"") | D5: =IFERROR(AVERAGEIFS('3_生育入力(A)'!$G$2:$G$1001,'3_生育入力(A)'!$A$2:$A$1001,$A5,'3_生育入力(A)'!$C$2:$C$1001,$B5,'3_生育入力(A)'!$E$2:$E$1001,"CBなし"),"") | E5: =IF(OR(C5="",D5=""),"",ROUND(C5-D5,1)) | F5: =IFERROR(AVERAGEIFS('3_生育入力(A)'!$H$2:$H$1001,'3_生育入力(A)'!$A$2:$A$1001,$A5,'3_生育入力(A)'!$C$2:$C$1001,$B5,'3_生育入力(A)'!$E$2:$E$1001,"CB有"),"") | G5: =IFERROR(AVERAGEIFS('3_生育入力(A)'!$H$2:$H$1001,'3_生育入力(A)'!$A$2:$A$1001,$A5,'3_生育入力(A)'!$C$2:$C$1001,$B5,'3_生育入力(A)'!$E$2:$E$1001,"CBなし"),"") | H5: =IF(OR(F5="",G5=""),"",ROUND(F5-G5,1)) | I5: =IFERROR(AVERAGEIFS('3_生育入力(A)'!$I$2:$I$1001,'3_生育入力(A)'!$A$2:$A$1001,$A5,'3_生育入力(A)'!$C$2:$C$1001,$B5,'3_生育入力(A)'!$E$2:$E$1001,"CB有"),"") | J5: =IFERROR(AVERAGEIFS('3_生育入力(A)'!$I$2:$I$1001,'3_生育入力(A)'!$A$2:$A$1001,$A5,'3_生育入力(A)'!$C$2:$C$1001,$B5,'3_生育入力(A)'!$E$2:$E$1001,"CBなし"),"") | K5: =IF(OR(I5="",J5=""),"",ROUND(I5-J5,1)) | L5: =IFERROR(AVERAGEIFS('4_評価入力(B)'!$J$2:$J$401,'4_評価入力(B)'!$A$2:$A$401,$A5,'4_評価入力(B)'!$C$2:$C$401,$B5,'4_評価入力(B)'!$D$2:$D$401,"CB有"),"") | M5: =IFERROR(AVERAGEIFS('4_評価入力(B)'!$J$2:$J$401,'4_評価入力(B)'!$A$2:$A$401,$A5,'4_評価入力(B)'!$C$2:$C$401,$B5,'4_評価入力(B)'!$D$2:$D$401,"CBなし"),"") | N5: =IF(OR(L5="",M5=""),"",ROUND(L5-M5,1))
C6: =IFERROR(AVERAGEIFS('3_生育入力(A)'!$G$2:$G$1001,'3_生育入力(A)'!$A$2:$A$1001,$A6,'3_生育入力(A)'!$C$2:$C$1001,$B6,'3_生育入力(A)'!$E$2:$E$1001,"CB有"),"") | D6: =IFERROR(AVERAGEIFS('3_生育入力(A)'!$G$2:$G$1001,'3_生育入力(A)'!$A$2:$A$1001,$A6,'3_生育入力(A)'!$C$2:$C$1001,$B6,'3_生育入力(A)'!$E$2:$E$1001,"CBなし"),"") | E6: =IF(OR(C6="",D6=""),"",ROUND(C6-D6,1)) | F6: =IFERROR(AVERAGEIFS('3_生育入力(A)'!$H$2:$H$1001,'3_生育入力(A)'!$A$2:$A$1001,$A6,'3_生育入力(A)'!$C$2:$C$1001,$B6,'3_生育入力(A)'!$E$2:$E$1001,"CB有"),"") | G6: =IFERROR(AVERAGEIFS('3_生育入力(A)'!$H$2:$H$1001,'3_生育入力(A)'!$A$2:$A$1001,$A6,'3_生育入力(A)'!$C$2:$C$1001,$B6,'3_生育入力(A)'!$E$2:$E$1001,"CBなし"),"") | H6: =IF(OR(F6="",G6=""),"",ROUND(F6-G6,1)) | I6: =IFERROR(AVERAGEIFS('3_生育入力(A)'!$I$2:$I$1001,'3_生育入力(A)'!$A$2:$A$1001,$A6,'3_生育入力(A)'!$C$2:$C$1001,$B6,'3_生育入力(A)'!$E$2:$E$1001,"CB有"),"") | J6: =IFERROR(AVERAGEIFS('3_生育入力(A)'!$I$2:$I$1001,'3_生育入力(A)'!$A$2:$A$1001,$A6,'3_生育入力(A)'!$C$2:$C$1001,$B6,'3_生育入力(A)'!$E$2:$E$1001,"CBなし"),"") | K6: =IF(OR(I6="",J6=""),"",ROUND(I6-J6,1)) | L6: =IFERROR(AVERAGEIFS('4_評価入力(B)'!$J$2:$J$401,'4_評価入力(B)'!$A$2:$A$401,$A6,'4_評価入力(B)'!$C$2:$C$401,$B6,'4_評価入力(B)'!$D$2:$D$401,"CB有"),"") | M6: =IFERROR(AVERAGEIFS('4_評価入力(B)'!$J$2:$J$401,'4_評価入力(B)'!$A$2:$A$401,$A6,'4_評価入力(B)'!$C$2:$C$401,$B6,'4_評価入力(B)'!$D$2:$D$401,"CBなし"),"") | N6: =IF(OR(L6="",M6=""),"",ROUND(L6-M6,1))
C7: =IFERROR(AVERAGEIFS('3_生育入力(A)'!$G$2:$G$1001,'3_生育入力(A)'!$A$2:$A$1001,$A7,'3_生育入力(A)'!$C$2:$C$1001,$B7,'3_生育入力(A)'!$E$2:$E$1001,"CB有"),"") | D7: =IFERROR(AVERAGEIFS('3_生育入力(A)'!$G$2:$G$1001,'3_生育入力(A)'!$A$2:$A$1001,$A7,'3_生育入力(A)'!$C$2:$C$1001,$B7,'3_生育入力(A)'!$E$2:$E$1001,"CBなし"),"") | E7: =IF(OR(C7="",D7=""),"",ROUND(C7-D7,1)) | F7: =IFERROR(AVERAGEIFS('3_生育入力(A)'!$H$2:$H$1001,'3_生育入力(A)'!$A$2:$A$1001,$A7,'3_生育入力(A)'!$C$2:$C$1001,$B7,'3_生育入力(A)'!$E$2:$E$1001,"CB有"),"") | G7: =IFERROR(AVERAGEIFS('3_生育入力(A)'!$H$2:$H$1001,'3_生育入力(A)'!$A$2:$A$1001,$A7,'3_生育入力(A)'!$C$2:$C$1001,$B7,'3_生育入力(A)'!$E$2:$E$1001,"CBなし"),"") | H7: =IF(OR(F7="",G7=""),"",ROUND(F7-G7,1)) | I7: =IFERROR(AVERAGEIFS('3_生育入力(A)'!$I$2:$I$1001,'3_生育入力(A)'!$A$2:$A$1001,$A7,'3_生育入力(A)'!$C$2:$C$1001,$B7,'3_生育入力(A)'!$E$2:$E$1001,"CB有"),"") | J7: =IFERROR(AVERAGEIFS('3_生育入力(A)'!$I$2:$I$1001,'3_生育入力(A)'!$A$2:$A$1001,$A7,'3_生育入力(A)'!$C$2:$C$1001,$B7,'3_生育入力(A)'!$E$2:$E$1001,"CBなし"),"") | K7: =IF(OR(I7="",J7=""),"",ROUND(I7-J7,1)) | L7: =IFERROR(AVERAGEIFS('4_評価入力(B)'!$J$2:$J$401,'4_評価入力(B)'!$A$2:$A$401,$A7,'4_評価入力(B)'!$C$2:$C$401,$B7,'4_評価入力(B)'!$D$2:$D$401,"CB有"),"") | M7: =IFERROR(AVERAGEIFS('4_評価入力(B)'!$J$2:$J$401,'4_評価入力(B)'!$A$2:$A$401,$A7,'4_評価入力(B)'!$C$2:$C$401,$B7,'4_評価入力(B)'!$D$2:$D$401,"CBなし"),"") | N7: =IF(OR(L7="",M7=""),"",ROUND(L7-M7,1))
C8: =IFERROR(AVERAGEIFS('3_生育入力(A)'!$G$2:$G$1001,'3_生育入力(A)'!$A$2:$A$1001,$A8,'3_生育入力(A)'!$C$2:$C$1001,$B8,'3_生育入力(A)'!$E$2:$E$1001,"CB有"),"") | D8: =IFERROR(AVERAGEIFS('3_生育入力(A)'!$G$2:$G$1001,'3_生育入力(A)'!$A$2:$A$1001,$A8,'3_生育入力(A)'!$C$2:$C$1001,$B8,'3_生育入力(A)'!$E$2:$E$1001,"CBなし"),"") | E8: =IF(OR(C8="",D8=""),"",ROUND(C8-D8,1)) | F8: =IFERROR(AVERAGEIFS('3_生育入力(A)'!$H$2:$H$1001,'3_生育入力(A)'!$A$2:$A$1001,$A8,'3_生育入力(A)'!$C$2:$C$1001,$B8,'3_生育入力(A)'!$E$2:$E$1001,"CB有"),"") | G8: =IFERROR(AVERAGEIFS('3_生育入力(A)'!$H$2:$H$1001,'3_生育入力(A)'!$A$2:$A$1001,$A8,'3_生育入力(A)'!$C$2:$C$1001,$B8,'3_生育入力(A)'!$E$2:$E$1001,"CBなし"),"") | H8: =IF(OR(F8="",G8=""),"",ROUND(F8-G8,1)) | I8: =IFERROR(AVERAGEIFS('3_生育入力(A)'!$I$2:$I$1001,'3_生育入力(A)'!$A$2:$A$1001,$A8,'3_生育入力(A)'!$C$2:$C$1001,$B8,'3_生育入力(A)'!$E$2:$E$1001,"CB有"),"") | J8: =IFERROR(AVERAGEIFS('3_生育入力(A)'!$I$2:$I$1001,'3_生育入力(A)'!$A$2:$A$1001,$A8,'3_生育入力(A)'!$C$2:$C$1001,$B8,'3_生育入力(A)'!$E$2:$E$1001,"CBなし"),"") | K8: =IF(OR(I8="",J8=""),"",ROUND(I8-J8,1)) | L8: =IFERROR(AVERAGEIFS('4_評価入力(B)'!$J$2:$J$401,'4_評価入力(B)'!$A$2:$A$401,$A8,'4_評価入力(B)'!$C$2:$C$401,$B8,'4_評価入力(B)'!$D$2:$D$401,"CB有"),"") | M8: =IFERROR(AVERAGEIFS('4_評価入力(B)'!$J$2:$J$401,'4_評価入力(B)'!$A$2:$A$401,$A8,'4_評価入力(B)'!$C$2:$C$401,$B8,'4_評価入力(B)'!$D$2:$D$401,"CBなし"),"") | N8: =IF(OR(L8="",M8=""),"",ROUND(L8-M8,1))
C9: =IFERROR(AVERAGEIFS('3_生育入力(A)'!$G$2:$G$1001,'3_生育入力(A)'!$A$2:$A$1001,$A9,'3_生育入力(A)'!$C$2:$C$1001,$B9,'3_生育入力(A)'!$E$2:$E$1001,"CB有"),"") | D9: =IFERROR(AVERAGEIFS('3_生育入力(A)'!$G$2:$G$1001,'3_生育入力(A)'!$A$2:$A$1001,$A9,'3_生育入力(A)'!$C$2:$C$1001,$B9,'3_生育入力(A)'!$E$2:$E$1001,"CBなし"),"") | E9: =IF(OR(C9="",D9=""),"",ROUND(C9-D9,1)) | F9: =IFERROR(AVERAGEIFS('3_生育入力(A)'!$H$2:$H$1001,'3_生育入力(A)'!$A$2:$A$1001,$A9,'3_生育入力(A)'!$C$2:$C$1001,$B9,'3_生育入力(A)'!$E$2:$E$1001,"CB有"),"") | G9: =IFERROR(AVERAGEIFS('3_生育入力(A)'!$H$2:$H$1001,'3_生育入力(A)'!$A$2:$A$1001,$A9,'3_生育入力(A)'!$C$2:$C$1001,$B9,'3_生育入力(A)'!$E$2:$E$1001,"CBなし"),"") | H9: =IF(OR(F9="",G9=""),"",ROUND(F9-G9,1)) | I9: =IFERROR(AVERAGEIFS('3_生育入力(A)'!$I$2:$I$1001,'3_生育入力(A)'!$A$2:$A$1001,$A9,'3_生育入力(A)'!$C$2:$C$1001,$B9,'3_生育入力(A)'!$E$2:$E$1001,"CB有"),"") | J9: =IFERROR(AVERAGEIFS('3_生育入力(A)'!$I$2:$I$1001,'3_生育入力(A)'!$A$2:$A$1001,$A9,'3_生育入力(A)'!$C$2:$C$1001,$B9,'3_生育入力(A)'!$E$2:$E$1001,"CBなし"),"") | K9: =IF(OR(I9="",J9=""),"",ROUND(I9-J9,1)) | L9: =IFERROR(AVERAGEIFS('4_評価入力(B)'!$J$2:$J$401,'4_評価入力(B)'!$A$2:$A$401,$A9,'4_評価入力(B)'!$C$2:$C$401,$B9,'4_評価入力(B)'!$D$2:$D$401,"CB有"),"") | M9: =IFERROR(AVERAGEIFS('4_評価入力(B)'!$J$2:$J$401,'4_評価入力(B)'!$A$2:$A$401,$A9,'4_評価入力(B)'!$C$2:$C$401,$B9,'4_評価入力(B)'!$D$2:$D$401,"CBなし"),"") | N9: =IF(OR(L9="",M9=""),"",ROUND(L9-M9,1))
C10: =IFERROR(AVERAGEIFS('3_生育入力(A)'!$G$2:$G$1001,'3_生育入力(A)'!$A$2:$A$1001,$A10,'3_生育入力(A)'!$C$2:$C$1001,$B10,'3_生育入力(A)'!$E$2:$E$1001,"CB有"),"") | D10: =IFERROR(AVERAGEIFS('3_生育入力(A)'!$G$2:$G$1001,'3_生育入力(A)'!$A$2:$A$1001,$A10,'3_生育入力(A)'!$C$2:$C$1001,$B10,'3_生育入力(A)'!$E$2:$E$1001,"CBなし"),"") | E10: =IF(OR(C10="",D10=""),"",ROUND(C10-D10,1)) | F10: =IFERROR(AVERAGEIFS('3_生育入力(A)'!$H$2:$H$1001,'3_生育入力(A)'!$A$2:$A$1001,$A10,'3_生育入力(A)'!$C$2:$C$1001,$B10,'3_生育入力(A)'!$E$2:$E$1001,"CB有"),"") | G10: =IFERROR(AVERAGEIFS('3_生育入力(A)'!$H$2:$H$1001,'3_生育入力(A)'!$A$2:$A$1001,$A10,'3_生育入力(A)'!$C$2:$C$1001,$B10,'3_生育入力(A)'!$E$2:$E$1001,"CBなし"),"") | H10: =IF(OR(F10="",G10=""),"",ROUND(F10-G10,1)) | I10: =IFERROR(AVERAGEIFS('3_生育入力(A)'!$I$2:$I$1001,'3_生育入力(A)'!$A$2:$A$1001,$A10,'3_生育入力(A)'!$C$2:$C$1001,$B10,'3_生育入力(A)'!$E$2:$E$1001,"CB有"),"") | J10: =IFERROR(AVERAGEIFS('3_生育入力(A)'!$I$2:$I$1001,'3_生育入力(A)'!$A$2:$A$1001,$A10,'3_生育入力(A)'!$C$2:$C$1001,$B10,'3_生育入力(A)'!$E$2:$E$1001,"CBなし"),"") | K10: =IF(OR(I10="",J10=""),"",ROUND(I10-J10,1)) | L10: =IFERROR(AVERAGEIFS('4_評価入力(B)'!$J$2:$J$401,'4_評価入力(B)'!$A$2:$A$401,$A10,'4_評価入力(B)'!$C$2:$C$401,$B10,'4_評価入力(B)'!$D$2:$D$401,"CB有"),"") | M10: =IFERROR(AVERAGEIFS('4_評価入力(B)'!$J$2:$J$401,'4_評価入力(B)'!$A$2:$A$401,$A10,'4_評価入力(B)'!$C$2:$C$401,$B10,'4_評価入力(B)'!$D$2:$D$401,"CBなし"),"") | N10: =IF(OR(L10="",M10=""),"",ROUND(L10-M10,1))
C11: =IFERROR(AVERAGEIFS('3_生育入力(A)'!$G$2:$G$1001,'3_生育入力(A)'!$A$2:$A$1001,$A11,'3_生育入力(A)'!$C$2:$C$1001,$B11,'3_生育入力(A)'!$E$2:$E$1001,"CB有"),"") | D11: =IFERROR(AVERAGEIFS('3_生育入力(A)'!$G$2:$G$1001,'3_生育入力(A)'!$A$2:$A$1001,$A11,'3_生育入力(A)'!$C$2:$C$1001,$B11,'3_生育入力(A)'!$E$2:$E$1001,"CBなし"),"") | E11: =IF(OR(C11="",D11=""),"",ROUND(C11-D11,1)) | F11: =IFERROR(AVERAGEIFS('3_生育入力(A)'!$H$2:$H$1001,'3_生育入力(A)'!$A$2:$A$1001,$A11,'3_生育入力(A)'!$C$2:$C$1001,$B11,'3_生育入力(A)'!$E$2:$E$1001,"CB有"),"") | G11: =IFERROR(AVERAGEIFS('3_生育入力(A)'!$H$2:$H$1001,'3_生育入力(A)'!$A$2:$A$1001,$A11,'3_生育入力(A)'!$C$2:$C$1001,$B11,'3_生育入力(A)'!$E$2:$E$1001,"CBなし"),"") | H11: =IF(OR(F11="",G11=""),"",ROUND(F11-G11,1)) | I11: =IFERROR(AVERAGEIFS('3_生育入力(A)'!$I$2:$I$1001,'3_生育入力(A)'!$A$2:$A$1001,$A11,'3_生育入力(A)'!$C$2:$C$1001,$B11,'3_生育入力(A)'!$E$2:$E$1001,"CB有"),"") | J11: =IFERROR(AVERAGEIFS('3_生育入力(A)'!$I$2:$I$1001,'3_生育入力(A)'!$A$2:$A$1001,$A11,'3_生育入力(A)'!$C$2:$C$1001,$B11,'3_生育入力(A)'!$E$2:$E$1001,"CBなし"),"") | K11: =IF(OR(I11="",J11=""),"",ROUND(I11-J11,1)) | L11: =IFERROR(AVERAGEIFS('4_評価入力(B)'!$J$2:$J$401,'4_評価入力(B)'!$A$2:$A$401,$A11,'4_評価入力(B)'!$C$2:$C$401,$B11,'4_評価入力(B)'!$D$2:$D$401,"CB有"),"") | M11: =IFERROR(AVERAGEIFS('4_評価入力(B)'!$J$2:$J$401,'4_評価入力(B)'!$A$2:$A$401,$A11,'4_評価入力(B)'!$C$2:$C$401,$B11,'4_評価入力(B)'!$D$2:$D$401,"CBなし"),"") | N11: =IF(OR(L11="",M11=""),"",ROUND(L11-M11,1))
C12: =IFERROR(AVERAGEIFS('3_生育入力(A)'!$G$2:$G$1001,'3_生育入力(A)'!$A$2:$A$1001,$A12,'3_生育入力(A)'!$C$2:$C$1001,$B12,'3_生育入力(A)'!$E$2:$E$1001,"CB有"),"") | D12: =IFERROR(AVERAGEIFS('3_生育入力(A)'!$G$2:$G$1001,'3_生育入力(A)'!$A$2:$A$1001,$A12,'3_生育入力(A)'!$C$2:$C$1001,$B12,'3_生育入力(A)'!$E$2:$E$1001,"CBなし"),"") | E12: =IF(OR(C12="",D12=""),"",ROUND(C12-D12,1)) | F12: =IFERROR(AVERAGEIFS('3_生育入力(A)'!$H$2:$H$1001,'3_生育入力(A)'!$A$2:$A$1001,$A12,'3_生育入力(A)'!$C$2:$C$1001,$B12,'3_生育入力(A)'!$E$2:$E$1001,"CB有"),"") | G12: =IFERROR(AVERAGEIFS('3_生育入力(A)'!$H$2:$H$1001,'3_生育入力(A)'!$A$2:$A$1001,$A12,'3_生育入力(A)'!$C$2:$C$1001,$B12,'3_生育入力(A)'!$E$2:$E$1001,"CBなし"),"") | H12: =IF(OR(F12="",G12=""),"",ROUND(F12-G12,1)) | I12: =IFERROR(AVERAGEIFS('3_生育入力(A)'!$I$2:$I$1001,'3_生育入力(A)'!$A$2:$A$1001,$A12,'3_生育入力(A)'!$C$2:$C$1001,$B12,'3_生育入力(A)'!$E$2:$E$1001,"CB有"),"") | J12: =IFERROR(AVERAGEIFS('3_生育入力(A)'!$I$2:$I$1001,'3_生育入力(A)'!$A$2:$A$1001,$A12,'3_生育入力(A)'!$C$2:$C$1001,$B12,'3_生育入力(A)'!$E$2:$E$1001,"CBなし"),"") | K12: =IF(OR(I12="",J12=""),"",ROUND(I12-J12,1)) | L12: =IFERROR(AVERAGEIFS('4_評価入力(B)'!$J$2:$J$401,'4_評価入力(B)'!$A$2:$A$401,$A12,'4_評価入力(B)'!$C$2:$C$401,$B12,'4_評価入力(B)'!$D$2:$D$401,"CB有"),"") | M12: =IFERROR(AVERAGEIFS('4_評価入力(B)'!$J$2:$J$401,'4_評価入力(B)'!$A$2:$A$401,$A12,'4_評価入力(B)'!$C$2:$C$401,$B12,'4_評価入力(B)'!$D$2:$D$401,"CBなし"),"") | N12: =IF(OR(L12="",M12=""),"",ROUND(L12-M12,1))
C13: =IFERROR(AVERAGEIFS('3_生育入力(A)'!$G$2:$G$1001,'3_生育入力(A)'!$A$2:$A$1001,$A13,'3_生育入力(A)'!$C$2:$C$1001,$B13,'3_生育入力(A)'!$E$2:$E$1001,"CB有"),"") | D13: =IFERROR(AVERAGEIFS('3_生育入力(A)'!$G$2:$G$1001,'3_生育入力(A)'!$A$2:$A$1001,$A13,'3_生育入力(A)'!$C$2:$C$1001,$B13,'3_生育入力(A)'!$E$2:$E$1001,"CBなし"),"") | E13: =IF(OR(C13="",D13=""),"",ROUND(C13-D13,1)) | F13: =IFERROR(AVERAGEIFS('3_生育入力(A)'!$H$2:$H$1001,'3_生育入力(A)'!$A$2:$A$1001,$A13,'3_生育入力(A)'!$C$2:$C$1001,$B13,'3_生育入力(A)'!$E$2:$E$1001,"CB有"),"") | G13: =IFERROR(AVERAGEIFS('3_生育入力(A)'!$H$2:$H$1001,'3_生育入力(A)'!$A$2:$A$1001,$A13,'3_生育入力(A)'!$C$2:$C$1001,$B13,'3_生育入力(A)'!$E$2:$E$1001,"CBなし"),"") | H13: =IF(OR(F13="",G13=""),"",ROUND(F13-G13,1)) | I13: =IFERROR(AVERAGEIFS('3_生育入力(A)'!$I$2:$I$1001,'3_生育入力(A)'!$A$2:$A$1001,$A13,'3_生育入力(A)'!$C$2:$C$1001,$B13,'3_生育入力(A)'!$E$2:$E$1001,"CB有"),"") | J13: =IFERROR(AVERAGEIFS('3_生育入力(A)'!$I$2:$I$1001,'3_生育入力(A)'!$A$2:$A$1001,$A13,'3_生育入力(A)'!$C$2:$C$1001,$B13,'3_生育入力(A)'!$E$2:$E$1001,"CBなし"),"") | K13: =IF(OR(I13="",J13=""),"",ROUND(I13-J13,1)) | L13: =IFERROR(AVERAGEIFS('4_評価入力(B)'!$J$2:$J$401,'4_評価入力(B)'!$A$2:$A$401,$A13,'4_評価入力(B)'!$C$2:$C$401,$B13,'4_評価入力(B)'!$D$2:$D$401,"CB有"),"") | M13: =IFERROR(AVERAGEIFS('4_評価入力(B)'!$J$2:$J$401,'4_評価入力(B)'!$A$2:$A$401,$A13,'4_評価入力(B)'!$C$2:$C$401,$B13,'4_評価入力(B)'!$D$2:$D$401,"CBなし"),"") | N13: =IF(OR(L13="",M13=""),"",ROUND(L13-M13,1))
C14: =IFERROR(AVERAGEIFS('3_生育入力(A)'!$G$2:$G$1001,'3_生育入力(A)'!$A$2:$A$1001,$A14,'3_生育入力(A)'!$C$2:$C$1001,$B14,'3_生育入力(A)'!$E$2:$E$1001,"CB有"),"") | D14: =IFERROR(AVERAGEIFS('3_生育入力(A)'!$G$2:$G$1001,'3_生育入力(A)'!$A$2:$A$1001,$A14,'3_生育入力(A)'!$C$2:$C$1001,$B14,'3_生育入力(A)'!$E$2:$E$1001,"CBなし"),"") | E14: =IF(OR(C14="",D14=""),"",ROUND(C14-D14,1)) | F14: =IFERROR(AVERAGEIFS('3_生育入力(A)'!$H$2:$H$1001,'3_生育入力(A)'!$A$2:$A$1001,$A14,'3_生育入力(A)'!$C$2:$C$1001,$B14,'3_生育入力(A)'!$E$2:$E$1001,"CB有"),"") | G14: =IFERROR(AVERAGEIFS('3_生育入力(A)'!$H$2:$H$1001,'3_生育入力(A)'!$A$2:$A$1001,$A14,'3_生育入力(A)'!$C$2:$C$1001,$B14,'3_生育入力(A)'!$E$2:$E$1001,"CBなし"),"") | H14: =IF(OR(F14="",G14=""),"",ROUND(F14-G14,1)) | I14: =IFERROR(AVERAGEIFS('3_生育入力(A)'!$I$2:$I$1001,'3_生育入力(A)'!$A$2:$A$1001,$A14,'3_生育入力(A)'!$C$2:$C$1001,$B14,'3_生育入力(A)'!$E$2:$E$1001,"CB有"),"") | J14: =IFERROR(AVERAGEIFS('3_生育入力(A)'!$I$2:$I$1001,'3_生育入力(A)'!$A$2:$A$1001,$A14,'3_生育入力(A)'!$C$2:$C$1001,$B14,'3_生育入力(A)'!$E$2:$E$1001,"CBなし"),"") | K14: =IF(OR(I14="",J14=""),"",ROUND(I14-J14,1)) | L14: =IFERROR(AVERAGEIFS('4_評価入力(B)'!$J$2:$J$401,'4_評価入力(B)'!$A$2:$A$401,$A14,'4_評価入力(B)'!$C$2:$C$401,$B14,'4_評価入力(B)'!$D$2:$D$401,"CB有"),"") | M14: =IFERROR(AVERAGEIFS('4_評価入力(B)'!$J$2:$J$401,'4_評価入力(B)'!$A$2:$A$401,$A14,'4_評価入力(B)'!$C$2:$C$401,$B14,'4_評価入力(B)'!$D$2:$D$401,"CBなし"),"") | N14: =IF(OR(L14="",M14=""),"",ROUND(L14-M14,1))
... C101: =IFERROR(AVERAGEIFS('3_生育入力(A)'!$G$2:$G$1001,'3_生育入力(A)'!$A$2:$A$1001,$A101,'3_生育入力(A)'!$C$2:$C$1001,$B101,'3_生育入力(A)'!$E$2:$E$1001,"CB有"),"") | D101: =IFERROR(AVERAGEIFS('3_生育入力(A)'!$G$2:$G$1001,'3_生育入力(A)'!$A$2:$A$1001,$A101,'3_生育入力(A)'!$C$2:$C$1001,$B101,'3_生育入力(A)'!$E$2:$E$1001,"CBなし"),"") | E101: =IF(OR(C101="",D101=""),"",ROUND(C101-D101,1)) | F101: =IFERROR(AVERAGEIFS('3_生育入力(A)'!$H$2:$H$1001,'3_生育入力(A)'!$A$2:$A$1001,$A101,'3_生育入力(A)'!$C$2:$C$1001,$B101,'3_生育入力(A)'!$E$2:$E$1001,"CB有"),"") | G101: =IFERROR(AVERAGEIFS('3_生育入力(A)'!$H$2:$H$1001,'3_生育入力(A)'!$A$2:$A$1001,$A101,'3_生育入力(A)'!$C$2:$C$1001,$B101,'3_生育入力(A)'!$E$2:$E$1001,"CBなし"),"") | H101: =IF(OR(F101="",G101=""),"",ROUND(F101-G101,1)) | I101: =IFERROR(AVERAGEIFS('3_生育入力(A)'!$I$2:$I$1001,'3_生育入力(A)'!$A$2:$A$1001,$A101,'3_生育入力(A)'!$C$2:$C$1001,$B101,'3_生育入力(A)'!$E$2:$E$1001,"CB有"),"") | J101: =IFERROR(AVERAGEIFS('3_生育入力(A)'!$I$2:$I$1001,'3_生育入力(A)'!$A$2:$A$1001,$A101,'3_生育入力(A)'!$C$2:$C$1001,$B101,'3_生育入力(A)'!$E$2:$E$1001,"CBなし"),"") | K101: =IF(OR(I101="",J101=""),"",ROUND(I101-J101,1)) | L101: =IFERROR(AVERAGEIFS('4_評価入力(B)'!$J$2:$J$401,'4_評価入力(B)'!$A$2:$A$401,$A101,'4_評価入力(B)'!$C$2:$C$401,$B101,'4_評価入力(B)'!$D$2:$D$401,"CB有"),"") | M101: =IFERROR(AVERAGEIFS('4_評価入力(B)'!$J$2:$J$401,'4_評価入力(B)'!$A$2:$A$401,$A101,'4_評価入力(B)'!$C$2:$C$401,$B101,'4_評価入力(B)'!$D$2:$D$401,"CBなし"),"") | N101: =IF(OR(L101="",M101=""),"",ROUND(L101-M101,1))
